/*
SQLyog Ultimate v12.08 (64 bit)
MySQL - 8.0.17 : Database - topshop
*********************************************************************
*/

/*!40101 SET NAMES utf8 */;

/*!40101 SET SQL_MODE=''*/;

/*!40014 SET @OLD_UNIQUE_CHECKS=@@UNIQUE_CHECKS, UNIQUE_CHECKS=0 */;
/*!40014 SET @OLD_FOREIGN_KEY_CHECKS=@@FOREIGN_KEY_CHECKS, FOREIGN_KEY_CHECKS=0 */;
/*!40101 SET @OLD_SQL_MODE=@@SQL_MODE, SQL_MODE='NO_AUTO_VALUE_ON_ZERO' */;
/*!40111 SET @OLD_SQL_NOTES=@@SQL_NOTES, SQL_NOTES=0 */;
CREATE DATABASE /*!32312 IF NOT EXISTS*/`topshop` /*!40100 DEFAULT CHARACTER SET utf8mb4 COLLATE utf8mb4_0900_ai_ci */ /*!80016 DEFAULT ENCRYPTION='N' */;

USE `topshop`;

/*Table structure for table `tpshop_address` */

DROP TABLE IF EXISTS `tpshop_address`;

CREATE TABLE `tpshop_address` (
  `id` int(11) unsigned NOT NULL AUTO_INCREMENT,
  `user_id` int(11) NOT NULL DEFAULT '0' COMMENT '用户id',
  `consignee` varchar(64) NOT NULL DEFAULT '' COMMENT '收货人姓名',
  `address` varchar(255) NOT NULL DEFAULT '' COMMENT '收货地址',
  `phone` varchar(20) NOT NULL DEFAULT '' COMMENT '收货人手机号',
  `create_time` int(11) unsigned DEFAULT NULL,
  `update_time` int(11) unsigned DEFAULT NULL,
  `delete_time` int(11) unsigned DEFAULT NULL COMMENT '软删除时间',
  PRIMARY KEY (`id`)
) ENGINE=InnoDB AUTO_INCREMENT=31 DEFAULT CHARSET=utf8;

/*Data for the table `tpshop_address` */

insert  into `tpshop_address`(`id`,`user_id`,`consignee`,`address`,`phone`,`create_time`,`update_time`,`delete_time`) values (1,1,'曹操','北京市顺义区黑马程序员','13102460166',1523501542,1523501542,NULL),(2,2,'孙权','北京市昌平区修正大厦','13102460166',1523502219,1523502219,NULL);

/*Table structure for table `tpshop_attribute` */

DROP TABLE IF EXISTS `tpshop_attribute`;

CREATE TABLE `tpshop_attribute` (
  `id` int(11) unsigned NOT NULL AUTO_INCREMENT COMMENT '属性id',
  `attr_name` varchar(255) NOT NULL DEFAULT '' COMMENT '属性名称',
  `type_id` int(11) NOT NULL DEFAULT '0' COMMENT '类型id',
  `attr_type` tinyint(3) NOT NULL DEFAULT '0' COMMENT '属性类型 0唯一属性 1单选属性',
  `attr_input_type` tinyint(3) NOT NULL DEFAULT '0' COMMENT '录入方式: 0输入框 1下拉列表 2多选框',
  `attr_values` varchar(255) NOT NULL DEFAULT '' COMMENT '供选择的属性值',
  `create_time` int(11) unsigned DEFAULT NULL,
  `update_time` int(11) unsigned DEFAULT NULL,
  `delete_time` int(11) unsigned DEFAULT NULL,
  PRIMARY KEY (`id`)
) ENGINE=InnoDB DEFAULT CHARSET=utf8;

/*Data for the table `tpshop_attribute` */

/*Table structure for table `tpshop_auth` */

DROP TABLE IF EXISTS `tpshop_auth`;

CREATE TABLE `tpshop_auth` (
  `id` smallint(6) unsigned NOT NULL AUTO_INCREMENT,
  `auth_name` varchar(20) NOT NULL COMMENT '权限名称',
  `pid` smallint(6) unsigned NOT NULL COMMENT '父id',
  `auth_c` varchar(32) NOT NULL DEFAULT '' COMMENT '控制器',
  `auth_a` varchar(32) NOT NULL DEFAULT '' COMMENT '操作方法',
  `is_nav` tinyint(1) NOT NULL DEFAULT '1' COMMENT '是否作为菜单显示 1是 0否',
  `create_time` int(11) unsigned DEFAULT NULL,
  `update_time` int(11) unsigned DEFAULT NULL,
  `delete_time` int(11) unsigned DEFAULT NULL,
  PRIMARY KEY (`id`)
) ENGINE=InnoDB AUTO_INCREMENT=15 DEFAULT CHARSET=utf8;

/*Data for the table `tpshop_auth` */

insert  into `tpshop_auth`(`id`,`auth_name`,`pid`,`auth_c`,`auth_a`,`is_nav`,`create_time`,`update_time`,`delete_time`) values (1,'权限管理',0,'','',1,1520408547,NULL,NULL),(2,'商品管理',0,'','',1,1520408547,NULL,NULL),(3,'订单管理',0,'','',1,1520408547,NULL,NULL),(4,'管理员列表',1,'Manager','index',1,1520408547,NULL,NULL),(5,'管理员新增',1,'Manager','create',1,1520408547,NULL,NULL),(6,'角色管理',1,'Role','index',1,1520408547,NULL,NULL),(7,'权限管理',1,'Auth','index',1,1520408547,NULL,NULL),(8,'商品列表',2,'Goods','index',1,1520408547,NULL,NULL),(9,'商品新增',2,'Goods','create',1,1520408547,NULL,NULL),(10,'商品类型',2,'Type','index',1,1520408547,NULL,NULL),(11,'订单列表',3,'Order','index',1,1520408547,NULL,NULL),(12,'添加订单',3,'Order','create',1,1520408547,NULL,NULL),(13,'商品删除',2,'Goods','delete',0,1521272189,1521272189,NULL),(14,'商品属性',2,'Attribute','index',1,1521507069,1521507069,NULL);

/*Table structure for table `tpshop_cart` */

DROP TABLE IF EXISTS `tpshop_cart`;

CREATE TABLE `tpshop_cart` (
  `id` int(11) unsigned NOT NULL AUTO_INCREMENT,
  `user_id` int(11) NOT NULL DEFAULT '0' COMMENT '用户id',
  `goods_id` int(11) NOT NULL DEFAULT '0' COMMENT '商品id',
  `goods_attr_ids` varchar(255) NOT NULL DEFAULT '' COMMENT '商品属性ids（多个id用,分隔）',
  `number` int(11) NOT NULL DEFAULT '0' COMMENT '购买数量',
  `create_time` int(11) unsigned DEFAULT NULL,
  `update_time` int(11) unsigned DEFAULT NULL,
  `delete_time` int(11) unsigned DEFAULT NULL,
  PRIMARY KEY (`id`)
) ENGINE=InnoDB DEFAULT CHARSET=utf8;

/*Data for the table `tpshop_cart` */

/*Table structure for table `tpshop_category` */

DROP TABLE IF EXISTS `tpshop_category`;

CREATE TABLE `tpshop_category` (
  `id` int(11) unsigned NOT NULL AUTO_INCREMENT,
  `cate_name` varchar(255) NOT NULL DEFAULT '' COMMENT '分类名称',
  `pid` int(11) NOT NULL DEFAULT '0' COMMENT '父级分类',
  `is_show` tinyint(3) NOT NULL DEFAULT '1' COMMENT '是否显示 0不显示 1显示',
  `create_time` int(11) unsigned DEFAULT NULL,
  `update_time` int(11) unsigned DEFAULT NULL,
  `delete_time` int(11) unsigned DEFAULT NULL,
  PRIMARY KEY (`id`)
) ENGINE=InnoDB AUTO_INCREMENT=1038 DEFAULT CHARSET=utf8;

/*Data for the table `tpshop_category` */

insert  into `tpshop_category`(`id`,`cate_name`,`pid`,`is_show`,`create_time`,`update_time`,`delete_time`) values (1,'家用电器',0,1,1522819513,1522819513,NULL),(2,'电视',1,1,1522819513,1522819513,NULL),(3,'空调',1,1,1522819513,1522819513,NULL),(4,'洗衣机',1,1,1522819513,1522819513,NULL),(5,'冰箱',1,1,1522819513,1522819513,NULL),(6,'厨卫大电',1,1,1522819513,1522819513,NULL),(7,'厨房小电',1,1,1522819513,1522819513,NULL),(8,'生活电器',1,1,1522819513,1522819513,NULL),(9,'手机/运营商/数码',0,1,1522819513,1522819513,NULL),(10,'手机通讯',9,1,1522819513,1522819513,NULL),(11,'运营商',9,1,1522819513,1522819513,NULL),(12,'手机配件',9,1,1522819513,1522819513,NULL),(13,'摄影摄像',9,1,1522819513,1522819513,NULL),(14,'数码配件',9,1,1522819513,1522819513,NULL),(15,'影音娱乐',9,1,1522819513,1522819513,NULL),(16,'智能设备',9,1,1522819513,1522819513,NULL),(17,'电脑/办公',0,1,1522819513,1522819513,NULL),(18,'电脑整机',17,1,1522819513,1522819513,NULL),(19,'电脑配件',17,1,1522819513,1522819513,NULL),(20,'外设产品',17,1,1522819513,1522819513,NULL),(21,'游戏设备',17,1,1522819513,1522819513,NULL),(22,'网络产品',17,1,1522819514,1522819514,NULL),(23,'办公设备',17,1,1522819514,1522819514,NULL),(24,'文具耗材',17,1,1522819514,1522819514,NULL),(25,'家居/家具/家装/厨具',0,1,1522819514,1522819514,NULL),(26,'厨具',25,1,1522819514,1522819514,NULL),(27,'家纺',25,1,1522819514,1522819514,NULL),(28,'生活日用',25,1,1522819514,1522819514,NULL),(29,'家装软饰',25,1,1522819514,1522819514,NULL),(30,'灯具',25,1,1522819514,1522819514,NULL),(31,'家具',25,1,1522819514,1522819514,NULL),(32,'家装主材',25,1,1522819514,1522819514,NULL),(33,'男装/女装/童装/内衣',0,1,1522819514,1522819514,NULL),(34,'女装',33,1,1522819514,1522819514,NULL),(35,'男装',33,1,1522819514,1522819514,NULL),(36,'内衣',33,1,1522819514,1522819514,NULL),(37,'配饰',33,1,1522819514,1522819514,NULL),(38,'童装',33,1,1522819514,1522819514,NULL),(39,'童鞋',33,1,1522819514,1522819514,NULL),(40,'美妆个护/宠物',0,1,1522819514,1522819514,NULL),(41,'面部护肤',40,1,1522819514,1522819514,NULL),(42,'洗发护发',40,1,1522819514,1522819514,NULL),(43,'身体护理',40,1,1522819514,1522819514,NULL),(44,'口腔护理',40,1,1522819514,1522819514,NULL),(45,'女性护理',40,1,1522819514,1522819514,NULL),(46,'香水彩妆',40,1,1522819514,1522819514,NULL),(47,'清洁用品',40,1,1522819514,1522819514,NULL),(48,'女鞋/箱包/钟表/珠宝',0,1,1522819514,1522819514,NULL),(49,'时尚女鞋',48,1,1522819515,1522819515,NULL),(50,'潮流女包',48,1,1522819515,1522819515,NULL),(51,'精品男包',48,1,1522819515,1522819515,NULL),(52,'功能箱包',48,1,1522819515,1522819515,NULL),(53,'奢侈品',48,1,1522819515,1522819515,NULL),(54,'精选大牌',48,1,1522819515,1522819515,NULL),(55,'钟表',48,1,1522819515,1522819515,NULL),(56,'男鞋/运动/户外',0,1,1522819515,1522819515,NULL),(57,'流行男鞋',56,1,1522819515,1522819515,NULL),(58,'运动鞋包',56,1,1522819515,1522819515,NULL),(59,'运动服饰',56,1,1522819515,1522819515,NULL),(60,'健身训练',56,1,1522819515,1522819515,NULL),(61,'骑行运动',56,1,1522819515,1522819515,NULL),(62,'体育用品',56,1,1522819515,1522819515,NULL),(63,'户外鞋服',56,1,1522819515,1522819515,NULL),(64,'房产/汽车/汽车用品',0,1,1522819515,1522819515,NULL),(65,'房产',64,1,1522819515,1522819515,NULL),(66,'汽车车型',64,1,1522819515,1522819515,NULL),(67,'汽车价格',64,1,1522819515,1522819515,NULL),(68,'汽车品牌',64,1,1522819515,1522819515,NULL),(69,'维修保养',64,1,1522819515,1522819515,NULL),(70,'汽车装饰',64,1,1522819515,1522819515,NULL),(71,'车载电器',64,1,1522819515,1522819515,NULL),(72,'母婴/玩具乐器',0,1,1522819515,1522819515,NULL),(73,'奶粉',72,1,1522819515,1522819515,NULL),(74,'营养辅食',72,1,1522819515,1522819515,NULL),(75,'尿裤湿巾',72,1,1522819515,1522819515,NULL),(76,'喂养用品',72,1,1522819515,1522819515,NULL),(77,'洗护用品',72,1,1522819515,1522819515,NULL),(78,'寝居服饰',72,1,1522819515,1522819515,NULL),(79,'妈妈专区',72,1,1522819515,1522819515,NULL),(80,'食品/酒类/生鲜/特产',0,1,1522819515,1522819515,NULL),(81,'新鲜水果',80,1,1522819516,1522819516,NULL),(82,'蔬菜蛋品',80,1,1522819516,1522819516,NULL),(83,'精选肉类',80,1,1522819516,1522819516,NULL),(84,'海鲜水产',80,1,1522819516,1522819516,NULL),(85,'冷饮冻食',80,1,1522819516,1522819516,NULL),(86,'中外名酒',80,1,1522819516,1522819516,NULL),(87,'进口食品',80,1,1522819516,1522819516,NULL),(88,'艺术/礼品鲜花/农资绿植',0,1,1522819516,1522819516,NULL),(89,'艺术品',88,1,1522819516,1522819516,NULL),(90,'火机烟具',88,1,1522819516,1522819516,NULL),(91,'礼品',88,1,1522819516,1522819516,NULL),(92,'鲜花速递',88,1,1522819516,1522819516,NULL),(93,'绿植园艺',88,1,1522819516,1522819516,NULL),(94,'种子',88,1,1522819516,1522819516,NULL),(95,'农药',88,1,1522819516,1522819516,NULL),(96,'医药保健/计生情趣',0,1,1522819516,1522819516,NULL),(97,'中西药品',96,1,1522819516,1522819516,NULL),(98,'营养健康',96,1,1522819516,1522819516,NULL),(99,'营养成分',96,1,1522819516,1522819516,NULL),(100,'滋补养生',96,1,1522819516,1522819516,NULL),(101,'计生情趣',96,1,1522819516,1522819516,NULL),(102,'保健器械',96,1,1522819516,1522819516,NULL),(103,'护理护具',96,1,1522819516,1522819516,NULL),(104,'图书/音像/电子书',0,1,1522819516,1522819516,NULL),(105,'邮币',104,1,1522819516,1522819516,NULL),(106,'少儿',104,1,1522819516,1522819516,NULL),(107,'教育',104,1,1522819516,1522819516,NULL),(108,'文艺',104,1,1522819517,1522819517,NULL),(109,'经管励志',104,1,1522819517,1522819517,NULL),(110,'人文社科',104,1,1522819517,1522819517,NULL),(111,'生活',104,1,1522819517,1522819517,NULL),(112,'机票/酒店/旅游/生活',0,1,1522819517,1522819517,NULL),(113,'交通出行',112,1,1522819517,1522819517,NULL),(114,'酒店预订',112,1,1522819517,1522819517,NULL),(115,'旅游度假',112,1,1522819517,1522819517,NULL),(116,'商旅服务',112,1,1522819517,1522819517,NULL),(117,'演出票务',112,1,1522819517,1522819517,NULL),(118,'生活缴费',112,1,1522819517,1522819517,NULL),(119,'生活服务',112,1,1522819517,1522819517,NULL),(120,'理财/众筹/白条/保险',0,1,1522819517,1522819517,NULL),(121,'理财',120,1,1522819517,1522819517,NULL),(122,'众筹',120,1,1522819517,1522819517,NULL),(123,'东家',120,1,1522819517,1522819517,NULL),(124,'白条',120,1,1522819517,1522819517,NULL),(125,'支付',120,1,1522819517,1522819517,NULL),(126,'保险',120,1,1522819517,1522819517,NULL),(127,'股票',120,1,1522819517,1522819517,NULL),(128,'曲面电视',2,1,1522819517,1522819517,NULL),(129,'超薄电视',2,1,1522819517,1522819517,NULL),(130,'HDR电视',2,1,1522819517,1522819517,NULL),(131,'OLED电视',2,1,1522819517,1522819517,NULL),(132,'4K超清电视',2,1,1522819517,1522819517,NULL),(133,'人工智能电视',2,1,1522819517,1522819517,NULL),(134,'55英寸',2,1,1522819517,1522819517,NULL),(135,'65英寸',2,1,1522819517,1522819517,NULL),(136,'电视配件',2,1,1522819517,1522819517,NULL),(137,'壁挂式空调',3,1,1522819517,1522819517,NULL),(138,'柜式空调',3,1,1522819517,1522819517,NULL),(139,'中央空调',3,1,1522819517,1522819517,NULL),(140,'节能空调',3,1,1522819517,1522819517,NULL),(141,'智能空调',3,1,1522819517,1522819517,NULL),(142,'变频空调',3,1,1522819517,1522819517,NULL),(143,'以旧换新',3,1,1522819517,1522819517,NULL),(144,'空调配件',3,1,1522819517,1522819517,NULL),(145,'滚筒洗衣机',4,1,1522819517,1522819517,NULL),(146,'洗烘一体机',4,1,1522819517,1522819517,NULL),(147,'波轮洗衣机',4,1,1522819517,1522819517,NULL),(148,'迷你洗衣机',4,1,1522819517,1522819517,NULL),(149,'烘干机',4,1,1522819517,1522819517,NULL),(150,'洗衣机配件',4,1,1522819517,1522819517,NULL),(151,'多门',5,1,1522819517,1522819517,NULL),(152,'对开门',5,1,1522819517,1522819517,NULL),(153,'三门',5,1,1522819517,1522819517,NULL),(154,'双门',5,1,1522819517,1522819517,NULL),(155,'冷柜/冰吧',5,1,1522819517,1522819517,NULL),(156,'酒柜',5,1,1522819517,1522819517,NULL),(157,'冰箱配件',5,1,1522819517,1522819517,NULL),(158,'油烟机',6,1,1522819517,1522819517,NULL),(159,'燃气灶',6,1,1522819517,1522819517,NULL),(160,'烟灶套装',6,1,1522819517,1522819517,NULL),(161,'消毒柜',6,1,1522819517,1522819517,NULL),(162,'洗碗机',6,1,1522819517,1522819517,NULL),(163,'电热水器',6,1,1522819517,1522819517,NULL),(164,'燃气热水器',6,1,1522819517,1522819517,NULL),(165,'嵌入式厨电',6,1,1522819517,1522819517,NULL),(166,'商用厨房电器',6,1,1522819517,1522819517,NULL),(167,'破壁机',7,1,1522819517,1522819517,NULL),(168,'电烤箱',7,1,1522819517,1522819517,NULL),(169,'电饭煲',7,1,1522819517,1522819517,NULL),(170,'电压力锅',7,1,1522819517,1522819517,NULL),(171,'咖啡机',7,1,1522819517,1522819517,NULL),(172,'豆浆机',7,1,1522819517,1522819517,NULL),(173,'料理机',7,1,1522819517,1522819517,NULL),(174,'电炖锅',7,1,1522819517,1522819517,NULL),(175,'电饼铛',7,1,1522819517,1522819517,NULL),(176,'多用途锅',7,1,1522819517,1522819517,NULL),(177,'吸尘器/除螨仪',8,1,1522819517,1522819517,NULL),(178,'空气净化器',8,1,1522819517,1522819517,NULL),(179,'电风扇',8,1,1522819517,1522819517,NULL),(180,'扫地机器人',8,1,1522819517,1522819517,NULL),(181,'蒸汽拖把/拖地机',8,1,1522819517,1522819517,NULL),(182,'干衣机',8,1,1522819517,1522819517,NULL),(183,'电话机',8,1,1522819517,1522819517,NULL),(184,'饮水机',8,1,1522819517,1522819517,NULL),(185,'净水器',8,1,1522819517,1522819517,NULL),(186,'除湿机',8,1,1522819517,1522819517,NULL),(187,'手机',10,1,1522819517,1522819517,NULL),(188,'游戏手机',10,1,1522819517,1522819517,NULL),(189,'老人机',10,1,1522819517,1522819517,NULL),(190,'对讲机',10,1,1522819517,1522819517,NULL),(191,'以旧换新',10,1,1522819517,1522819517,NULL),(192,'手机维修',10,1,1522819517,1522819517,NULL),(193,'合约机',11,1,1522819517,1522819517,NULL),(194,'选号码',11,1,1522819517,1522819517,NULL),(195,'固话宽带',11,1,1522819517,1522819517,NULL),(196,'办套餐',11,1,1522819517,1522819517,NULL),(197,'充话费/流量',11,1,1522819517,1522819517,NULL),(198,'中国电信',11,1,1522819517,1522819517,NULL),(199,'中国移动',11,1,1522819517,1522819517,NULL),(200,'中国联通',11,1,1522819517,1522819517,NULL),(201,'京东通信',11,1,1522819517,1522819517,NULL),(202,'170选号',11,1,1522819517,1522819517,NULL),(203,'手机壳',12,1,1522819517,1522819517,NULL),(204,'贴膜',12,1,1522819517,1522819517,NULL),(205,'手机存储卡',12,1,1522819517,1522819517,NULL),(206,'数据线',12,1,1522819517,1522819517,NULL),(207,'充电器',12,1,1522819517,1522819517,NULL),(208,'无线充电器',12,1,1522819517,1522819517,NULL),(209,'手机耳机',12,1,1522819517,1522819517,NULL),(210,'创意配件',12,1,1522819517,1522819517,NULL),(211,'手机饰品',12,1,1522819517,1522819517,NULL),(212,'手机电池',12,1,1522819517,1522819517,NULL),(213,'数码相机',13,1,1522819517,1522819517,NULL),(214,'单电/微单相机',13,1,1522819517,1522819517,NULL),(215,'单反相机',13,1,1522819517,1522819517,NULL),(216,'拍立得',13,1,1522819517,1522819517,NULL),(217,'运动相机',13,1,1522819517,1522819517,NULL),(218,'摄像机',13,1,1522819517,1522819517,NULL),(219,'镜头',13,1,1522819517,1522819517,NULL),(220,'户外器材',13,1,1522819517,1522819517,NULL),(221,'影棚器材',13,1,1522819517,1522819517,NULL),(222,'冲印服务',13,1,1522819517,1522819517,NULL),(223,'存储卡',14,1,1522819517,1522819517,NULL),(224,'三脚架/云台',14,1,1522819517,1522819517,NULL),(225,'相机包',14,1,1522819517,1522819517,NULL),(226,'滤镜',14,1,1522819517,1522819517,NULL),(227,'闪光灯/手柄',14,1,1522819517,1522819517,NULL),(228,'相机清洁/贴膜',14,1,1522819517,1522819517,NULL),(229,'机身附件',14,1,1522819517,1522819517,NULL),(230,'镜头附件',14,1,1522819517,1522819517,NULL),(231,'读卡器',14,1,1522819517,1522819517,NULL),(232,'支架',14,1,1522819517,1522819517,NULL),(233,'耳机/耳麦',15,1,1522819517,1522819517,NULL),(234,'音箱/音响',15,1,1522819517,1522819517,NULL),(235,'智能音箱',15,1,1522819517,1522819517,NULL),(236,'便携/无线音箱',15,1,1522819517,1522819517,NULL),(237,'收音机',15,1,1522819517,1522819517,NULL),(238,'麦克风',15,1,1522819517,1522819517,NULL),(239,'MP3/MP4',15,1,1522819517,1522819517,NULL),(240,'专业音频',15,1,1522819517,1522819517,NULL),(241,'智能手环',16,1,1522819517,1522819517,NULL),(242,'智能手表',16,1,1522819517,1522819517,NULL),(243,'智能眼镜',16,1,1522819517,1522819517,NULL),(244,'智能机器人',16,1,1522819517,1522819517,NULL),(245,'运动跟踪器',16,1,1522819517,1522819517,NULL),(246,'健康监测',16,1,1522819517,1522819517,NULL),(247,'智能配饰',16,1,1522819517,1522819517,NULL),(248,'智能家居',16,1,1522819517,1522819517,NULL),(249,'体感车',16,1,1522819517,1522819517,NULL),(250,'无人机',16,1,1522819517,1522819517,NULL),(251,'笔记本',18,1,1522819517,1522819517,NULL),(252,'游戏本',18,1,1522819517,1522819517,NULL),(253,'平板电脑',18,1,1522819517,1522819517,NULL),(254,'平板电脑配件',18,1,1522819517,1522819517,NULL),(255,'台式机',18,1,1522819517,1522819517,NULL),(256,'一体机',18,1,1522819517,1522819517,NULL),(257,'服务器/工作站',18,1,1522819517,1522819517,NULL),(258,'笔记本配件',18,1,1522819517,1522819517,NULL),(259,'显示器',19,1,1522819517,1522819517,NULL),(260,'CPU',19,1,1522819517,1522819517,NULL),(261,'主板',19,1,1522819517,1522819517,NULL),(262,'显卡',19,1,1522819517,1522819517,NULL),(263,'硬盘',19,1,1522819517,1522819517,NULL),(264,'内存',19,1,1522819517,1522819517,NULL),(265,'机箱',19,1,1522819517,1522819517,NULL),(266,'电源',19,1,1522819517,1522819517,NULL),(267,'散热器',19,1,1522819517,1522819517,NULL),(268,'刻录机/光驱',19,1,1522819517,1522819517,NULL),(269,'鼠标',20,1,1522819517,1522819517,NULL),(270,'键盘',20,1,1522819517,1522819517,NULL),(271,'键鼠套装',20,1,1522819517,1522819517,NULL),(272,'网络仪表仪器',20,1,1522819517,1522819517,NULL),(273,'U盘',20,1,1522819517,1522819517,NULL),(274,'移动硬盘',20,1,1522819517,1522819517,NULL),(275,'鼠标垫',20,1,1522819517,1522819517,NULL),(276,'摄像头',20,1,1522819517,1522819517,NULL),(277,'线缆',20,1,1522819517,1522819517,NULL),(278,'手写板',20,1,1522819517,1522819517,NULL),(279,'游戏机',21,1,1522819517,1522819517,NULL),(280,'游戏耳机',21,1,1522819517,1522819517,NULL),(281,'手柄/方向盘',21,1,1522819517,1522819517,NULL),(282,'游戏软件',21,1,1522819517,1522819517,NULL),(283,'游戏周边',21,1,1522819517,1522819517,NULL),(284,'路由器',22,1,1522819517,1522819517,NULL),(285,'网络机顶盒',22,1,1522819517,1522819517,NULL),(286,'交换机',22,1,1522819517,1522819517,NULL),(287,'网络存储',22,1,1522819517,1522819517,NULL),(288,'网卡',22,1,1522819517,1522819517,NULL),(289,'4G/3G上网',22,1,1522819517,1522819517,NULL),(290,'网络配件',22,1,1522819517,1522819517,NULL),(291,'投影机',23,1,1522819517,1522819517,NULL),(292,'投影配件',23,1,1522819517,1522819517,NULL),(293,'多功能一体机',23,1,1522819517,1522819517,NULL),(294,'打印机',23,1,1522819517,1522819517,NULL),(295,'传真设备',23,1,1522819517,1522819517,NULL),(296,'验钞/点钞机',23,1,1522819517,1522819517,NULL),(297,'扫描设备',23,1,1522819517,1522819517,NULL),(298,'复合机',23,1,1522819517,1522819517,NULL),(299,'碎纸机',23,1,1522819517,1522819517,NULL),(300,'考勤门禁',23,1,1522819517,1522819517,NULL),(301,'硒鼓/墨粉',24,1,1522819517,1522819517,NULL),(302,'墨盒',24,1,1522819517,1522819517,NULL),(303,'色带',24,1,1522819517,1522819517,NULL),(304,'纸类',24,1,1522819517,1522819517,NULL),(305,'办公文具',24,1,1522819517,1522819517,NULL),(306,'学生文具',24,1,1522819517,1522819517,NULL),(307,'文件收纳',24,1,1522819517,1522819517,NULL),(308,'本册/便签',24,1,1522819517,1522819517,NULL),(309,'计算器',24,1,1522819517,1522819517,NULL),(310,'笔类',24,1,1522819517,1522819517,NULL),(311,'水具酒具',26,1,1522819517,1522819517,NULL),(312,'烹饪锅具',26,1,1522819517,1522819517,NULL),(313,'餐具',26,1,1522819517,1522819517,NULL),(314,'厨房配件',26,1,1522819517,1522819517,NULL),(315,'刀剪菜板',26,1,1522819517,1522819517,NULL),(316,'锅具套装',26,1,1522819517,1522819517,NULL),(317,'茶具/咖啡具',26,1,1522819517,1522819517,NULL),(318,'保温杯',26,1,1522819517,1522819517,NULL),(319,'保鲜盒',26,1,1522819517,1522819517,NULL),(320,'床品套件',27,1,1522819517,1522819517,NULL),(321,'被子',27,1,1522819517,1522819517,NULL),(322,'枕芯',27,1,1522819517,1522819517,NULL),(323,'蚊帐',27,1,1522819517,1522819517,NULL),(324,'凉席',27,1,1522819517,1522819517,NULL),(325,'毛巾浴巾',27,1,1522819517,1522819517,NULL),(326,'地毯地垫',27,1,1522819517,1522819517,NULL),(327,'床垫/床褥',27,1,1522819517,1522819517,NULL),(328,'毯子',27,1,1522819517,1522819517,NULL),(329,'抱枕靠垫',27,1,1522819517,1522819517,NULL),(330,'收纳用品',28,1,1522819517,1522819517,NULL),(331,'雨伞雨具',28,1,1522819517,1522819517,NULL),(332,'净化除味',28,1,1522819517,1522819517,NULL),(333,'浴室用品',28,1,1522819517,1522819517,NULL),(334,'洗晒/熨烫',28,1,1522819517,1522819517,NULL),(335,'缝纫/针织用品',28,1,1522819517,1522819517,NULL),(336,'清洁工具',28,1,1522819517,1522819517,NULL),(337,'装饰字画',29,1,1522819517,1522819517,NULL),(338,'装饰摆件',29,1,1522819517,1522819517,NULL),(339,'手工/十字绣',29,1,1522819517,1522819517,NULL),(340,'相框/照片墙',29,1,1522819517,1522819517,NULL),(341,'墙贴/装饰贴',29,1,1522819517,1522819517,NULL),(342,'花瓶花艺',29,1,1522819517,1522819517,NULL),(343,'香薰蜡烛',29,1,1522819517,1522819517,NULL),(344,'节庆饰品',29,1,1522819517,1522819517,NULL),(345,'钟饰',29,1,1522819517,1522819517,NULL),(346,'帘艺隔断',29,1,1522819517,1522819517,NULL),(347,'吸顶灯',30,1,1522819517,1522819517,NULL),(348,'吊灯',30,1,1522819517,1522819517,NULL),(349,'台灯',30,1,1522819517,1522819517,NULL),(350,'筒灯射灯',30,1,1522819517,1522819517,NULL),(351,'装饰灯',30,1,1522819517,1522819517,NULL),(352,'LED灯',30,1,1522819517,1522819517,NULL),(353,'氛围照明',30,1,1522819517,1522819517,NULL),(354,'落地灯',30,1,1522819517,1522819517,NULL),(355,'庭院灯',30,1,1522819517,1522819517,NULL),(356,'应急灯/手电',30,1,1522819517,1522819517,NULL),(357,'卧室家具',31,1,1522819517,1522819517,NULL),(358,'客厅家具',31,1,1522819517,1522819517,NULL),(359,'餐厅家具',31,1,1522819517,1522819517,NULL),(360,'书房家具',31,1,1522819517,1522819517,NULL),(361,'儿童家具',31,1,1522819517,1522819517,NULL),(362,'储物家具',31,1,1522819517,1522819517,NULL),(363,'阳台/户外',31,1,1522819517,1522819517,NULL),(364,'办公家具',31,1,1522819517,1522819517,NULL),(365,'床',31,1,1522819517,1522819517,NULL),(366,'床垫',31,1,1522819517,1522819517,NULL),(367,'瓷砖',32,1,1522819517,1522819517,NULL),(368,'地板',32,1,1522819517,1522819517,NULL),(369,'油漆涂料',32,1,1522819517,1522819517,NULL),(370,'壁纸',32,1,1522819517,1522819517,NULL),(371,'涂刷辅料',32,1,1522819517,1522819517,NULL),(372,'新品推荐',34,1,1522819517,1522819517,NULL),(373,'连衣裙',34,1,1522819517,1522819517,NULL),(374,'T恤',34,1,1522819517,1522819517,NULL),(375,'衬衫',34,1,1522819517,1522819517,NULL),(376,'雪纺衫',34,1,1522819517,1522819517,NULL),(377,'短外套',34,1,1522819517,1522819517,NULL),(378,'卫衣',34,1,1522819517,1522819517,NULL),(379,'针织衫',34,1,1522819517,1522819517,NULL),(380,'风衣',34,1,1522819517,1522819517,NULL),(381,'半身裙',34,1,1522819517,1522819517,NULL),(382,'当季热卖',35,1,1522819517,1522819517,NULL),(383,'新品推荐',35,1,1522819517,1522819517,NULL),(384,'T恤',35,1,1522819517,1522819517,NULL),(385,'牛仔裤',35,1,1522819517,1522819517,NULL),(386,'休闲裤',35,1,1522819517,1522819517,NULL),(387,'衬衫',35,1,1522819517,1522819517,NULL),(388,'短裤',35,1,1522819517,1522819517,NULL),(389,'POLO衫',35,1,1522819517,1522819517,NULL),(390,'羽绒服',35,1,1522819517,1522819517,NULL),(391,'棉服',35,1,1522819517,1522819517,NULL),(392,'文胸',36,1,1522819517,1522819517,NULL),(393,'睡衣/家居服',36,1,1522819517,1522819517,NULL),(394,'男士内裤',36,1,1522819517,1522819517,NULL),(395,'女士内裤',36,1,1522819517,1522819517,NULL),(396,'吊带/背心',36,1,1522819517,1522819517,NULL),(397,'文胸套装',36,1,1522819517,1522819517,NULL),(398,'情侣睡衣',36,1,1522819517,1522819517,NULL),(399,'塑身美体',36,1,1522819517,1522819517,NULL),(400,'少女文胸',36,1,1522819517,1522819517,NULL),(401,'休闲棉袜',36,1,1522819517,1522819517,NULL),(402,'女士围巾/披肩',37,1,1522819517,1522819517,NULL),(403,'男士丝巾/围巾',37,1,1522819517,1522819517,NULL),(404,'光学镜架/镜片',37,1,1522819517,1522819517,NULL),(405,'太阳镜',37,1,1522819517,1522819517,NULL),(406,'防辐射眼镜',37,1,1522819517,1522819517,NULL),(407,'老花镜',37,1,1522819517,1522819517,NULL),(408,'游泳镜',37,1,1522819517,1522819517,NULL),(409,'领带/领结/领带夹',37,1,1522819517,1522819517,NULL),(410,'毛线帽',37,1,1522819517,1522819517,NULL),(411,'棒球帽',37,1,1522819517,1522819517,NULL),(412,'套装',38,1,1522819517,1522819517,NULL),(413,'卫衣',38,1,1522819517,1522819517,NULL),(414,'裤子',38,1,1522819517,1522819517,NULL),(415,'外套/大衣',38,1,1522819517,1522819517,NULL),(416,'毛衣/针织衫',38,1,1522819517,1522819517,NULL),(417,'衬衫',38,1,1522819517,1522819517,NULL),(418,'户外/运动服',38,1,1522819517,1522819517,NULL),(419,'T恤',38,1,1522819517,1522819517,NULL),(420,'裙子',38,1,1522819517,1522819517,NULL),(421,'亲子装',38,1,1522819517,1522819517,NULL),(422,'运动鞋',39,1,1522819517,1522819517,NULL),(423,'靴子',39,1,1522819517,1522819517,NULL),(424,'帆布鞋',39,1,1522819517,1522819517,NULL),(425,'皮鞋',39,1,1522819517,1522819517,NULL),(426,'棉鞋',39,1,1522819517,1522819517,NULL),(427,'凉鞋',39,1,1522819517,1522819517,NULL),(428,'拖鞋',39,1,1522819517,1522819517,NULL),(429,'补水保湿',41,1,1522819517,1522819517,NULL),(430,'卸妆',41,1,1522819517,1522819517,NULL),(431,'洁面',41,1,1522819517,1522819517,NULL),(432,'爽肤水',41,1,1522819517,1522819517,NULL),(433,'乳液面霜',41,1,1522819517,1522819517,NULL),(434,'精华',41,1,1522819517,1522819517,NULL),(435,'眼霜',41,1,1522819517,1522819517,NULL),(436,'防晒',41,1,1522819517,1522819517,NULL),(437,'面膜',41,1,1522819517,1522819517,NULL),(438,'剃须',41,1,1522819517,1522819517,NULL),(439,'洗发',42,1,1522819517,1522819517,NULL),(440,'护发',42,1,1522819517,1522819517,NULL),(441,'染发',42,1,1522819517,1522819517,NULL),(442,'造型',42,1,1522819517,1522819517,NULL),(443,'假发',42,1,1522819517,1522819517,NULL),(444,'美发工具',42,1,1522819517,1522819517,NULL),(445,'套装',42,1,1522819517,1522819517,NULL),(446,'补水保湿',43,1,1522819517,1522819517,NULL),(447,'沐浴',43,1,1522819517,1522819517,NULL),(448,'润肤',43,1,1522819517,1522819517,NULL),(449,'精油',43,1,1522819517,1522819517,NULL),(450,'颈部',43,1,1522819517,1522819517,NULL),(451,'手足',43,1,1522819517,1522819517,NULL),(452,'纤体塑形',43,1,1522819517,1522819517,NULL),(453,'美胸',43,1,1522819517,1522819517,NULL),(454,'套装',43,1,1522819517,1522819517,NULL),(455,'牙膏/牙粉',44,1,1522819517,1522819517,NULL),(456,'牙刷/牙线',44,1,1522819517,1522819517,NULL),(457,'漱口水',44,1,1522819517,1522819517,NULL),(458,'套装',44,1,1522819517,1522819517,NULL),(459,'卫生巾',45,1,1522819517,1522819517,NULL),(460,'卫生护垫',45,1,1522819517,1522819517,NULL),(461,'私密护理',45,1,1522819517,1522819517,NULL),(462,'脱毛膏',45,1,1522819517,1522819517,NULL),(463,'BB霜',46,1,1522819517,1522819517,NULL),(464,'化妆棉',46,1,1522819517,1522819517,NULL),(465,'香水',46,1,1522819517,1522819517,NULL),(466,'底妆',46,1,1522819517,1522819517,NULL),(467,'眉笔',46,1,1522819517,1522819517,NULL),(468,'睫毛膏',46,1,1522819517,1522819517,NULL),(469,'眼线',46,1,1522819517,1522819517,NULL),(470,'眼影',46,1,1522819517,1522819517,NULL),(471,'唇膏/彩',46,1,1522819517,1522819517,NULL),(472,'腮红',46,1,1522819517,1522819517,NULL),(473,'纸品湿巾',47,1,1522819517,1522819517,NULL),(474,'衣物清洁',47,1,1522819517,1522819517,NULL),(475,'清洁工具',47,1,1522819517,1522819517,NULL),(476,'家庭清洁',47,1,1522819517,1522819517,NULL),(477,'一次性用品',47,1,1522819517,1522819517,NULL),(478,'驱虫用品',47,1,1522819517,1522819517,NULL),(479,'皮具护理',47,1,1522819517,1522819517,NULL),(480,'新品推荐',49,1,1522819517,1522819517,NULL),(481,'单鞋',49,1,1522819517,1522819517,NULL),(482,'休闲鞋',49,1,1522819517,1522819517,NULL),(483,'帆布鞋',49,1,1522819517,1522819517,NULL),(484,'妈妈鞋',49,1,1522819517,1522819517,NULL),(485,'布鞋/绣花鞋',49,1,1522819517,1522819517,NULL),(486,'女靴',49,1,1522819517,1522819517,NULL),(487,'踝靴',49,1,1522819517,1522819517,NULL),(488,'马丁靴',49,1,1522819517,1522819517,NULL),(489,'雪地靴',49,1,1522819517,1522819517,NULL),(490,'真皮包',50,1,1522819517,1522819517,NULL),(491,'单肩包',50,1,1522819517,1522819517,NULL),(492,'手提包',50,1,1522819517,1522819517,NULL),(493,'斜挎包',50,1,1522819517,1522819517,NULL),(494,'双肩包',50,1,1522819517,1522819517,NULL),(495,'钱包',50,1,1522819517,1522819517,NULL),(496,'手拿包',50,1,1522819517,1522819517,NULL),(497,'卡包/零钱包',50,1,1522819517,1522819517,NULL),(498,'钥匙包',50,1,1522819517,1522819517,NULL),(499,'男士钱包',51,1,1522819517,1522819517,NULL),(500,'双肩包',51,1,1522819517,1522819517,NULL),(501,'单肩/斜挎包',51,1,1522819517,1522819517,NULL),(502,'商务公文包',51,1,1522819517,1522819517,NULL),(503,'男士手包',51,1,1522819517,1522819517,NULL),(504,'卡包名片夹',51,1,1522819517,1522819517,NULL),(505,'钥匙包',51,1,1522819517,1522819517,NULL),(506,'女士拉杆箱',52,1,1522819517,1522819517,NULL),(507,'拉杆箱',52,1,1522819517,1522819517,NULL),(508,'拉杆包',52,1,1522819517,1522819517,NULL),(509,'旅行包',52,1,1522819517,1522819517,NULL),(510,'电脑包',52,1,1522819517,1522819517,NULL),(511,'休闲运动包',52,1,1522819517,1522819517,NULL),(512,'书包',52,1,1522819517,1522819517,NULL),(513,'登山包',52,1,1522819517,1522819517,NULL),(514,'腰包/胸包',52,1,1522819517,1522819517,NULL),(515,'旅行配件',52,1,1522819517,1522819517,NULL),(516,'箱包',53,1,1522819517,1522819517,NULL),(517,'钱包',53,1,1522819517,1522819517,NULL),(518,'服饰',53,1,1522819517,1522819517,NULL),(519,'腰带',53,1,1522819517,1522819517,NULL),(520,'鞋靴',53,1,1522819517,1522819517,NULL),(521,'太阳镜/眼镜框',53,1,1522819517,1522819517,NULL),(522,'饰品',53,1,1522819517,1522819517,NULL),(523,'配件',53,1,1522819517,1522819517,NULL),(524,'GUCCI',54,1,1522819517,1522819517,NULL),(525,'COACH',54,1,1522819517,1522819517,NULL),(526,'雷朋',54,1,1522819517,1522819517,NULL),(527,'施华洛世奇',54,1,1522819517,1522819517,NULL),(528,'MK',54,1,1522819517,1522819517,NULL),(529,'阿玛尼',54,1,1522819517,1522819517,NULL),(530,'菲拉格慕',54,1,1522819517,1522819517,NULL),(531,'VERSACE',54,1,1522819517,1522819517,NULL),(532,'普拉达',54,1,1522819517,1522819517,NULL),(533,'巴宝莉',54,1,1522819517,1522819517,NULL),(534,'天梭',55,1,1522819517,1522819517,NULL),(535,'浪琴',55,1,1522819517,1522819517,NULL),(536,'欧米茄',55,1,1522819517,1522819517,NULL),(537,'泰格豪雅',55,1,1522819517,1522819517,NULL),(538,'DW',55,1,1522819517,1522819517,NULL),(539,'卡西欧',55,1,1522819517,1522819517,NULL),(540,'西铁城',55,1,1522819517,1522819517,NULL),(541,'天王',55,1,1522819517,1522819517,NULL),(542,'瑞表',55,1,1522819517,1522819517,NULL),(543,'国表',55,1,1522819517,1522819517,NULL),(544,'新品推荐',57,1,1522819517,1522819517,NULL),(545,'休闲鞋',57,1,1522819517,1522819517,NULL),(546,'商务休闲鞋',57,1,1522819517,1522819517,NULL),(547,'正装鞋',57,1,1522819517,1522819517,NULL),(548,'帆布鞋',57,1,1522819517,1522819517,NULL),(549,'凉鞋',57,1,1522819517,1522819517,NULL),(550,'拖鞋',57,1,1522819517,1522819517,NULL),(551,'功能鞋',57,1,1522819517,1522819517,NULL),(552,'增高鞋',57,1,1522819517,1522819517,NULL),(553,'工装鞋',57,1,1522819517,1522819517,NULL),(554,'跑步鞋',58,1,1522819517,1522819517,NULL),(555,'休闲鞋',58,1,1522819517,1522819517,NULL),(556,'篮球鞋',58,1,1522819517,1522819517,NULL),(557,'帆布鞋',58,1,1522819517,1522819517,NULL),(558,'板鞋',58,1,1522819517,1522819517,NULL),(559,'拖鞋',58,1,1522819517,1522819517,NULL),(560,'运动包',58,1,1522819517,1522819517,NULL),(561,'足球鞋',58,1,1522819517,1522819517,NULL),(562,'乒羽网鞋',58,1,1522819517,1522819517,NULL),(563,'训练鞋',58,1,1522819517,1522819517,NULL),(564,'T恤',59,1,1522819517,1522819517,NULL),(565,'运动套装',59,1,1522819517,1522819517,NULL),(566,'运动裤',59,1,1522819517,1522819517,NULL),(567,'卫衣/套头衫',59,1,1522819517,1522819517,NULL),(568,'夹克/风衣',59,1,1522819517,1522819517,NULL),(569,'羽绒服',59,1,1522819517,1522819517,NULL),(570,'运动配饰',59,1,1522819517,1522819517,NULL),(571,'棉服',59,1,1522819517,1522819517,NULL),(572,'紧身衣',59,1,1522819517,1522819517,NULL),(573,'运动背心',59,1,1522819517,1522819517,NULL),(574,'跑步机',60,1,1522819517,1522819517,NULL),(575,'动感单车',60,1,1522819517,1522819517,NULL),(576,'健身车',60,1,1522819517,1522819517,NULL),(577,'椭圆机',60,1,1522819517,1522819517,NULL),(578,'综合训练器',60,1,1522819517,1522819517,NULL),(579,'划船机',60,1,1522819517,1522819517,NULL),(580,'甩脂机',60,1,1522819517,1522819517,NULL),(581,'倒立机',60,1,1522819517,1522819517,NULL),(582,'武术搏击',60,1,1522819517,1522819517,NULL),(583,'踏步机',60,1,1522819517,1522819517,NULL),(584,'山地车',61,1,1522819517,1522819517,NULL),(585,'公路车',61,1,1522819517,1522819517,NULL),(586,'折叠车',61,1,1522819517,1522819517,NULL),(587,'骑行服',61,1,1522819517,1522819517,NULL),(588,'电动车',61,1,1522819517,1522819517,NULL),(589,'电动滑板车',61,1,1522819517,1522819517,NULL),(590,'城市自行车',61,1,1522819517,1522819517,NULL),(591,'平衡车',61,1,1522819517,1522819517,NULL),(592,'穿戴装备',61,1,1522819517,1522819517,NULL),(593,'自行车配件',61,1,1522819517,1522819517,NULL),(594,'乒乓球',62,1,1522819517,1522819517,NULL),(595,'羽毛球',62,1,1522819517,1522819517,NULL),(596,'篮球',62,1,1522819517,1522819517,NULL),(597,'足球',62,1,1522819517,1522819517,NULL),(598,'轮滑滑板',62,1,1522819517,1522819517,NULL),(599,'网球',62,1,1522819517,1522819517,NULL),(600,'高尔夫',62,1,1522819517,1522819517,NULL),(601,'台球',62,1,1522819517,1522819517,NULL),(602,'排球',62,1,1522819517,1522819517,NULL),(603,'棋牌麻将',62,1,1522819517,1522819517,NULL),(604,'户外风衣',63,1,1522819517,1522819517,NULL),(605,'徒步鞋',63,1,1522819517,1522819517,NULL),(606,'T恤',63,1,1522819517,1522819517,NULL),(607,'冲锋衣裤',63,1,1522819517,1522819517,NULL),(608,'速干衣裤',63,1,1522819517,1522819517,NULL),(609,'越野跑鞋',63,1,1522819517,1522819517,NULL),(610,'滑雪服',63,1,1522819517,1522819517,NULL),(611,'羽绒服/棉服',63,1,1522819517,1522819517,NULL),(612,'休闲衣裤',63,1,1522819517,1522819517,NULL),(613,'抓绒衣裤',63,1,1522819517,1522819517,NULL),(614,'最新开盘',65,1,1522819517,1522819517,NULL),(615,'普通住宅',65,1,1522819517,1522819517,NULL),(616,'别墅',65,1,1522819517,1522819517,NULL),(617,'商业办公',65,1,1522819517,1522819517,NULL),(618,'海外房产',65,1,1522819517,1522819517,NULL),(619,'文旅地产',65,1,1522819517,1522819517,NULL),(620,'微型车',66,1,1522819517,1522819517,NULL),(621,'小型车',66,1,1522819517,1522819517,NULL),(622,'紧凑型车',66,1,1522819517,1522819517,NULL),(623,'中型车',66,1,1522819517,1522819517,NULL),(624,'中大型车',66,1,1522819517,1522819517,NULL),(625,'豪华车',66,1,1522819517,1522819517,NULL),(626,'MPV',66,1,1522819517,1522819517,NULL),(627,'SUV',66,1,1522819517,1522819517,NULL),(628,'跑车',66,1,1522819517,1522819517,NULL),(629,'5万以下',67,1,1522819517,1522819517,NULL),(630,'5-8万',67,1,1522819517,1522819517,NULL),(631,'8-10万',67,1,1522819517,1522819517,NULL),(632,'10-15万',67,1,1522819517,1522819517,NULL),(633,'15-25万',67,1,1522819517,1522819517,NULL),(634,'25-40万',67,1,1522819517,1522819517,NULL),(635,'40万以上',67,1,1522819517,1522819517,NULL),(636,'宝马',68,1,1522819517,1522819517,NULL),(637,'五菱宝骏',68,1,1522819517,1522819517,NULL),(638,'上汽大众',68,1,1522819517,1522819517,NULL),(639,'比亚迪',68,1,1522819517,1522819517,NULL),(640,'东风启辰',68,1,1522819517,1522819517,NULL),(641,'陆风',68,1,1522819517,1522819517,NULL),(642,'吉利',68,1,1522819517,1522819517,NULL),(643,'机油',69,1,1522819517,1522819517,NULL),(644,'轮胎',69,1,1522819517,1522819517,NULL),(645,'添加剂',69,1,1522819517,1522819517,NULL),(646,'防冻液',69,1,1522819517,1522819517,NULL),(647,'滤清器',69,1,1522819517,1522819517,NULL),(648,'蓄电池',69,1,1522819517,1522819517,NULL),(649,'雨刷',69,1,1522819517,1522819517,NULL),(650,'刹车片/盘',69,1,1522819517,1522819517,NULL),(651,'火花塞',69,1,1522819517,1522819517,NULL),(652,'车灯',69,1,1522819517,1522819517,NULL),(653,'座垫座套',70,1,1522819517,1522819517,NULL),(654,'脚垫',70,1,1522819517,1522819517,NULL),(655,'头枕腰靠',70,1,1522819517,1522819517,NULL),(656,'方向盘套',70,1,1522819517,1522819517,NULL),(657,'后备箱垫',70,1,1522819517,1522819517,NULL),(658,'车载支架',70,1,1522819517,1522819517,NULL),(659,'车钥匙扣',70,1,1522819517,1522819517,NULL),(660,'香水',70,1,1522819517,1522819517,NULL),(661,'炭包/净化剂',70,1,1522819517,1522819517,NULL),(662,'扶手箱',70,1,1522819517,1522819517,NULL),(663,'行车记录仪',71,1,1522819517,1522819517,NULL),(664,'车载充电器',71,1,1522819517,1522819517,NULL),(665,'车机导航',71,1,1522819517,1522819517,NULL),(666,'车载蓝牙',71,1,1522819517,1522819517,NULL),(667,'智能驾驶',71,1,1522819517,1522819517,NULL),(668,'对讲电台',71,1,1522819517,1522819517,NULL),(669,'倒车雷达',71,1,1522819517,1522819517,NULL),(670,'导航仪',71,1,1522819517,1522819517,NULL),(671,'安全预警仪',71,1,1522819517,1522819517,NULL),(672,'车载净化器',71,1,1522819517,1522819517,NULL),(673,'1段',73,1,1522819517,1522819517,NULL),(674,'2段',73,1,1522819517,1522819517,NULL),(675,'3段',73,1,1522819517,1522819517,NULL),(676,'4段',73,1,1522819517,1522819517,NULL),(677,'孕妈奶粉',73,1,1522819517,1522819517,NULL),(678,'特殊配方奶粉',73,1,1522819517,1522819517,NULL),(679,'有机奶粉',73,1,1522819517,1522819517,NULL),(680,'米粉/菜粉',74,1,1522819517,1522819517,NULL),(681,'面条/粥',74,1,1522819517,1522819517,NULL),(682,'果泥/果汁',74,1,1522819517,1522819517,NULL),(683,'益生菌/初乳',74,1,1522819517,1522819517,NULL),(684,'DHA',74,1,1522819517,1522819517,NULL),(685,'钙铁锌/维生素',74,1,1522819517,1522819517,NULL),(686,'清火/开胃',74,1,1522819517,1522819517,NULL),(687,'宝宝零食',74,1,1522819517,1522819517,NULL),(688,'NB',75,1,1522819517,1522819517,NULL),(689,'S',75,1,1522819517,1522819517,NULL),(690,'M',75,1,1522819517,1522819517,NULL),(691,'L',75,1,1522819517,1522819517,NULL),(692,'XL',75,1,1522819517,1522819517,NULL),(693,'XXL',75,1,1522819517,1522819517,NULL),(694,'拉拉裤',75,1,1522819517,1522819517,NULL),(695,'成人尿裤',75,1,1522819517,1522819517,NULL),(696,'婴儿湿巾',75,1,1522819517,1522819517,NULL),(697,'奶瓶奶嘴',76,1,1522819517,1522819517,NULL),(698,'吸奶器',76,1,1522819517,1522819517,NULL),(699,'暖奶消毒',76,1,1522819517,1522819517,NULL),(700,'辅食料理机',76,1,1522819517,1522819517,NULL),(701,'牙胶安抚',76,1,1522819517,1522819517,NULL),(702,'食物存储',76,1,1522819517,1522819517,NULL),(703,'儿童餐具',76,1,1522819517,1522819517,NULL),(704,'水壶/水杯',76,1,1522819517,1522819517,NULL),(705,'围兜/防溅衣',76,1,1522819517,1522819517,NULL),(706,'宝宝护肤',77,1,1522819517,1522819517,NULL),(707,'日常护理',77,1,1522819517,1522819517,NULL),(708,'洗发沐浴',77,1,1522819517,1522819517,NULL),(709,'洗澡用具',77,1,1522819517,1522819517,NULL),(710,'洗衣液/皂',77,1,1522819517,1522819517,NULL),(711,'理发器',77,1,1522819517,1522819517,NULL),(712,'婴儿口腔清洁',77,1,1522819517,1522819517,NULL),(713,'座便器',77,1,1522819517,1522819517,NULL),(714,'驱蚊防晒',77,1,1522819517,1522819517,NULL),(715,'睡袋/抱被',78,1,1522819517,1522819517,NULL),(716,'婴儿枕',78,1,1522819517,1522819517,NULL),(717,'毛毯/棉被',78,1,1522819517,1522819517,NULL),(718,'婴童床品',78,1,1522819517,1522819517,NULL),(719,'浴巾/浴衣',78,1,1522819517,1522819517,NULL),(720,'毛巾/口水巾',78,1,1522819517,1522819517,NULL),(721,'婴儿礼盒',78,1,1522819517,1522819517,NULL),(722,'婴儿内衣',78,1,1522819517,1522819517,NULL),(723,'婴儿外出服',78,1,1522819517,1522819517,NULL),(724,'隔尿垫巾',78,1,1522819517,1522819517,NULL),(725,'防辐射服',79,1,1522819517,1522819517,NULL),(726,'孕妈装',79,1,1522819517,1522819517,NULL),(727,'孕妇护肤',79,1,1522819517,1522819517,NULL),(728,'妈咪包/背婴带',79,1,1522819517,1522819517,NULL),(729,'待产护理',79,1,1522819517,1522819517,NULL),(730,'产后塑身',79,1,1522819517,1522819517,NULL),(731,'文胸/内裤',79,1,1522819517,1522819517,NULL),(732,'防溢乳垫',79,1,1522819517,1522819517,NULL),(733,'孕期营养',79,1,1522819517,1522819517,NULL),(734,'苹果',81,1,1522819517,1522819517,NULL),(735,'香蕉',81,1,1522819517,1522819517,NULL),(736,'梨',81,1,1522819517,1522819517,NULL),(737,'橙子',81,1,1522819517,1522819517,NULL),(738,'奇异果/猕猴桃',81,1,1522819517,1522819517,NULL),(739,'火龙果',81,1,1522819517,1522819517,NULL),(740,'榴莲',81,1,1522819517,1522819517,NULL),(741,'车厘子',81,1,1522819517,1522819517,NULL),(742,'百香果',81,1,1522819517,1522819517,NULL),(743,'草莓',81,1,1522819517,1522819517,NULL),(744,'蛋品',82,1,1522819517,1522819517,NULL),(745,'叶菜类',82,1,1522819517,1522819517,NULL),(746,'根茎类',82,1,1522819517,1522819517,NULL),(747,'葱姜蒜椒',82,1,1522819517,1522819517,NULL),(748,'鲜菌菇',82,1,1522819517,1522819517,NULL),(749,'茄果瓜类',82,1,1522819517,1522819517,NULL),(750,'半加工蔬菜',82,1,1522819517,1522819517,NULL),(751,'半加工豆制品',82,1,1522819517,1522819517,NULL),(752,'玉米',82,1,1522819517,1522819517,NULL),(753,'山药',82,1,1522819517,1522819517,NULL),(754,'猪肉',83,1,1522819517,1522819517,NULL),(755,'牛肉',83,1,1522819517,1522819517,NULL),(756,'羊肉',83,1,1522819517,1522819517,NULL),(757,'鸡肉',83,1,1522819517,1522819517,NULL),(758,'鸭肉',83,1,1522819517,1522819517,NULL),(759,'冷鲜肉',83,1,1522819517,1522819517,NULL),(760,'特色肉类',83,1,1522819517,1522819517,NULL),(761,'内脏类',83,1,1522819517,1522819517,NULL),(762,'冷藏熟食',83,1,1522819517,1522819517,NULL),(763,'牛排',83,1,1522819517,1522819517,NULL),(764,'鱼类',84,1,1522819517,1522819517,NULL),(765,'虾类',84,1,1522819517,1522819517,NULL),(766,'蟹类',84,1,1522819517,1522819517,NULL),(767,'贝类',84,1,1522819517,1522819517,NULL),(768,'海参',84,1,1522819517,1522819517,NULL),(769,'鱿鱼/章鱼',84,1,1522819517,1522819517,NULL),(770,'活鲜',84,1,1522819517,1522819517,NULL),(771,'三文鱼',84,1,1522819518,1522819518,NULL),(772,'鳕鱼',84,1,1522819518,1522819518,NULL),(773,'海鲜礼盒',84,1,1522819518,1522819518,NULL),(774,'水饺/馄饨',85,1,1522819518,1522819518,NULL),(775,'汤圆/元宵',85,1,1522819518,1522819518,NULL),(776,'面点',85,1,1522819518,1522819518,NULL),(777,'烘焙半成品',85,1,1522819518,1522819518,NULL),(778,'奶酪/黄油',85,1,1522819518,1522819518,NULL),(779,'方便速食',85,1,1522819518,1522819518,NULL),(780,'火锅丸串',85,1,1522819518,1522819518,NULL),(781,'冰淇淋',85,1,1522819518,1522819518,NULL),(782,'冷藏饮料',85,1,1522819518,1522819518,NULL),(783,'低温奶',85,1,1522819518,1522819518,NULL),(784,'白酒',86,1,1522819518,1522819518,NULL),(785,'葡萄酒',86,1,1522819518,1522819518,NULL),(786,'洋酒',86,1,1522819518,1522819518,NULL),(787,'啤酒',86,1,1522819518,1522819518,NULL),(788,'黄酒/养生酒',86,1,1522819518,1522819518,NULL),(789,'收藏酒/陈年老酒',86,1,1522819518,1522819518,NULL),(790,'牛奶',87,1,1522819518,1522819518,NULL),(791,'饼干蛋糕',87,1,1522819518,1522819518,NULL),(792,'糖/巧克力',87,1,1522819518,1522819518,NULL),(793,'零食',87,1,1522819518,1522819518,NULL),(794,'水',87,1,1522819518,1522819518,NULL),(795,'饮料',87,1,1522819518,1522819518,NULL),(796,'咖啡粉',87,1,1522819518,1522819518,NULL),(797,'冲调品',87,1,1522819518,1522819518,NULL),(798,'油',87,1,1522819518,1522819518,NULL),(799,'方便食品',87,1,1522819518,1522819518,NULL),(800,'油画',89,1,1522819518,1522819518,NULL),(801,'版画',89,1,1522819518,1522819518,NULL),(802,'水墨画',89,1,1522819518,1522819518,NULL),(803,'书法',89,1,1522819518,1522819518,NULL),(804,'雕塑',89,1,1522819518,1522819518,NULL),(805,'艺术画册',89,1,1522819518,1522819518,NULL),(806,'艺术衍生品',89,1,1522819518,1522819518,NULL),(807,'电子烟',90,1,1522819518,1522819518,NULL),(808,'烟油',90,1,1522819518,1522819518,NULL),(809,'打火机',90,1,1522819518,1522819518,NULL),(810,'烟嘴',90,1,1522819518,1522819518,NULL),(811,'烟盒',90,1,1522819518,1522819518,NULL),(812,'烟斗',90,1,1522819518,1522819518,NULL),(813,'创意礼品',91,1,1522819518,1522819518,NULL),(814,'电子礼品',91,1,1522819518,1522819518,NULL),(815,'工艺礼品',91,1,1522819518,1522819518,NULL),(816,'美妆礼品',91,1,1522819518,1522819518,NULL),(817,'婚庆节庆',91,1,1522819518,1522819518,NULL),(818,'礼盒礼券',91,1,1522819518,1522819518,NULL),(819,'礼品定制',91,1,1522819518,1522819518,NULL),(820,'军刀军具',91,1,1522819518,1522819518,NULL),(821,'古董文玩',91,1,1522819518,1522819518,NULL),(822,'收藏品',91,1,1522819518,1522819518,NULL),(823,'鲜花',92,1,1522819518,1522819518,NULL),(824,'每周一花',92,1,1522819518,1522819518,NULL),(825,'永生花',92,1,1522819518,1522819518,NULL),(826,'香皂花',92,1,1522819518,1522819518,NULL),(827,'卡通花束',92,1,1522819518,1522819518,NULL),(828,'干花',92,1,1522819518,1522819518,NULL),(829,'桌面绿植',93,1,1522819518,1522819518,NULL),(830,'苗木',93,1,1522819518,1522819518,NULL),(831,'绿植盆栽',93,1,1522819518,1522819518,NULL),(832,'多肉植物',93,1,1522819518,1522819518,NULL),(833,'花卉',93,1,1522819518,1522819518,NULL),(834,'种子种球',93,1,1522819518,1522819518,NULL),(835,'花盆花器',93,1,1522819518,1522819518,NULL),(836,'园艺土肥',93,1,1522819518,1522819518,NULL),(837,'园艺工具',93,1,1522819518,1522819518,NULL),(838,'园林机械',93,1,1522819518,1522819518,NULL),(839,'花草林木类',94,1,1522819518,1522819518,NULL),(840,'蔬菜/菌类',94,1,1522819518,1522819518,NULL),(841,'瓜果类',94,1,1522819518,1522819518,NULL),(842,'大田作物类',94,1,1522819518,1522819518,NULL),(843,'杀虫剂',95,1,1522819518,1522819518,NULL),(844,'杀菌剂',95,1,1522819518,1522819518,NULL),(845,'除草剂',95,1,1522819518,1522819518,NULL),(846,'植物生长调节剂',95,1,1522819518,1522819518,NULL),(847,'感冒咳嗽',97,1,1522819518,1522819518,NULL),(848,'补肾壮阳',97,1,1522819518,1522819518,NULL),(849,'补气养血',97,1,1522819518,1522819518,NULL),(850,'止痛镇痛',97,1,1522819518,1522819518,NULL),(851,'耳鼻喉用药',97,1,1522819518,1522819518,NULL),(852,'眼科用药',97,1,1522819518,1522819518,NULL),(853,'口腔用药',97,1,1522819518,1522819518,NULL),(854,'皮肤用药',97,1,1522819518,1522819518,NULL),(855,'肠胃消化',97,1,1522819518,1522819518,NULL),(856,'风湿骨外伤',97,1,1522819518,1522819518,NULL),(857,'调节免疫',98,1,1522819518,1522819518,NULL),(858,'调节三高',98,1,1522819518,1522819518,NULL),(859,'缓解疲劳',98,1,1522819518,1522819518,NULL),(860,'美体塑身',98,1,1522819518,1522819518,NULL),(861,'美容养颜',98,1,1522819518,1522819518,NULL),(862,'肝肾养护',98,1,1522819518,1522819518,NULL),(863,'肠胃养护',98,1,1522819518,1522819518,NULL),(864,'明目益智',98,1,1522819518,1522819518,NULL),(865,'骨骼健康',98,1,1522819518,1522819518,NULL),(866,'改善睡眠',98,1,1522819518,1522819518,NULL),(867,'维生素/矿物质',99,1,1522819518,1522819518,NULL),(868,'蛋白质',99,1,1522819518,1522819518,NULL),(869,'鱼油/磷脂',99,1,1522819518,1522819518,NULL),(870,'螺旋藻',99,1,1522819518,1522819518,NULL),(871,'番茄红素',99,1,1522819518,1522819518,NULL),(872,'叶酸',99,1,1522819518,1522819518,NULL),(873,'葡萄籽',99,1,1522819518,1522819518,NULL),(874,'左旋肉碱',99,1,1522819518,1522819518,NULL),(875,'辅酶Q10',99,1,1522819518,1522819518,NULL),(876,'益生菌',99,1,1522819518,1522819518,NULL),(877,'阿胶',100,1,1522819518,1522819518,NULL),(878,'蜂蜜/蜂产品',100,1,1522819518,1522819518,NULL),(879,'枸杞',100,1,1522819518,1522819518,NULL),(880,'燕窝',100,1,1522819518,1522819518,NULL),(881,'冬虫夏草',100,1,1522819518,1522819518,NULL),(882,'人参/西洋参',100,1,1522819518,1522819518,NULL),(883,'三七',100,1,1522819518,1522819518,NULL),(884,'鹿茸',100,1,1522819518,1522819518,NULL),(885,'雪蛤',100,1,1522819518,1522819518,NULL),(886,'青钱柳',100,1,1522819518,1522819518,NULL),(887,'避孕套',101,1,1522819518,1522819518,NULL),(888,'排卵验孕',101,1,1522819518,1522819518,NULL),(889,'润滑液',101,1,1522819518,1522819518,NULL),(890,'男用延时',101,1,1522819518,1522819518,NULL),(891,'飞机杯',101,1,1522819518,1522819518,NULL),(892,'倒模',101,1,1522819518,1522819518,NULL),(893,'仿真娃娃',101,1,1522819518,1522819518,NULL),(894,'震动棒',101,1,1522819518,1522819518,NULL),(895,'跳蛋',101,1,1522819518,1522819518,NULL),(896,'仿真阳具',101,1,1522819518,1522819518,NULL),(897,'血压计',102,1,1522819518,1522819518,NULL),(898,'血糖仪',102,1,1522819518,1522819518,NULL),(899,'血氧仪',102,1,1522819518,1522819518,NULL),(900,'体温计',102,1,1522819518,1522819518,NULL),(901,'体重秤',102,1,1522819518,1522819518,NULL),(902,'胎心仪',102,1,1522819518,1522819518,NULL),(903,'制氧机',102,1,1522819518,1522819518,NULL),(904,'呼吸机',102,1,1522819518,1522819518,NULL),(905,'雾化器',102,1,1522819518,1522819518,NULL),(906,'助听器',102,1,1522819518,1522819518,NULL),(907,'口罩',103,1,1522819518,1522819518,NULL),(908,'眼罩/耳塞',103,1,1522819518,1522819518,NULL),(909,'跌打损伤',103,1,1522819518,1522819518,NULL),(910,'暖贴',103,1,1522819518,1522819518,NULL),(911,'鼻喉护理',103,1,1522819518,1522819518,NULL),(912,'眼部保健',103,1,1522819518,1522819518,NULL),(913,'美体护理',103,1,1522819518,1522819518,NULL),(914,'邮票',105,1,1522819518,1522819518,NULL),(915,'钱币',105,1,1522819518,1522819518,NULL),(916,'邮资封片',105,1,1522819518,1522819518,NULL),(917,'磁卡',105,1,1522819518,1522819518,NULL),(918,'票证',105,1,1522819518,1522819518,NULL),(919,'礼品册',105,1,1522819518,1522819518,NULL),(920,'0-2岁',106,1,1522819518,1522819518,NULL),(921,'3-6岁',106,1,1522819518,1522819518,NULL),(922,'7-10岁',106,1,1522819518,1522819518,NULL),(923,'11-14岁',106,1,1522819518,1522819518,NULL),(924,'儿童文学',106,1,1522819518,1522819518,NULL),(925,'绘本',106,1,1522819518,1522819518,NULL),(926,'科普',106,1,1522819518,1522819518,NULL),(927,'幼儿启蒙',106,1,1522819518,1522819518,NULL),(928,'手工游戏',106,1,1522819518,1522819518,NULL),(929,'智力开发',106,1,1522819518,1522819518,NULL),(930,'教材',107,1,1522819518,1522819518,NULL),(931,'中小学教辅',107,1,1522819518,1522819518,NULL),(932,'考试',107,1,1522819518,1522819518,NULL),(933,'外语学习',107,1,1522819518,1522819518,NULL),(934,'字典词典',107,1,1522819518,1522819518,NULL),(935,'课外读物',107,1,1522819518,1522819518,NULL),(936,'英语四六级',107,1,1522819518,1522819518,NULL),(937,'会计类考试',107,1,1522819518,1522819518,NULL),(938,'国家公务员',107,1,1522819518,1522819518,NULL),(939,'小说',108,1,1522819518,1522819518,NULL),(940,'文学',108,1,1522819518,1522819518,NULL),(941,'青春文学',108,1,1522819518,1522819518,NULL),(942,'传记',108,1,1522819518,1522819518,NULL),(943,'动漫',108,1,1522819518,1522819518,NULL),(944,'艺术',108,1,1522819518,1522819518,NULL),(945,'摄影',108,1,1522819518,1522819518,NULL),(946,'书法',108,1,1522819518,1522819518,NULL),(947,'音乐',108,1,1522819518,1522819518,NULL),(948,'绘画',108,1,1522819518,1522819518,NULL),(949,'管理',109,1,1522819518,1522819518,NULL),(950,'金融与投资',109,1,1522819518,1522819518,NULL),(951,'经济',109,1,1522819518,1522819518,NULL),(952,'励志与成功',109,1,1522819518,1522819518,NULL),(953,'市场营销',109,1,1522819518,1522819518,NULL),(954,'股票',109,1,1522819518,1522819518,NULL),(955,'智能经济',109,1,1522819518,1522819518,NULL),(956,'历史',110,1,1522819518,1522819518,NULL),(957,'心理学',110,1,1522819518,1522819518,NULL),(958,'政治/军事',110,1,1522819518,1522819518,NULL),(959,'国学/古籍',110,1,1522819518,1522819518,NULL),(960,'哲学/宗教',110,1,1522819518,1522819518,NULL),(961,'社会科学',110,1,1522819518,1522819518,NULL),(962,'法律',110,1,1522819518,1522819518,NULL),(963,'文化',110,1,1522819518,1522819518,NULL),(964,'育儿/家教',111,1,1522819518,1522819518,NULL),(965,'孕产/胎教',111,1,1522819518,1522819518,NULL),(966,'健身保健',111,1,1522819518,1522819518,NULL),(967,'旅游/地图',111,1,1522819518,1522819518,NULL),(968,'美食',111,1,1522819518,1522819518,NULL),(969,'时尚美妆',111,1,1522819518,1522819518,NULL),(970,'家居',111,1,1522819518,1522819518,NULL),(971,'手工DIY',111,1,1522819518,1522819518,NULL),(972,'两性',111,1,1522819518,1522819518,NULL),(973,'体育',111,1,1522819518,1522819518,NULL),(974,'国内机票',113,1,1522819518,1522819518,NULL),(975,'国际机票',113,1,1522819518,1522819518,NULL),(976,'火车票',113,1,1522819518,1522819518,NULL),(977,'机场服务',113,1,1522819518,1522819518,NULL),(978,'机票套餐',113,1,1522819518,1522819518,NULL),(979,'国内酒店',114,1,1522819518,1522819518,NULL),(980,'国际酒店',114,1,1522819518,1522819518,NULL),(981,'超值精选酒店',114,1,1522819518,1522819518,NULL),(982,'国内旅游',115,1,1522819518,1522819518,NULL),(983,'出境旅游',115,1,1522819518,1522819518,NULL),(984,'全球签证',115,1,1522819518,1522819518,NULL),(985,'景点门票',115,1,1522819518,1522819518,NULL),(986,'邮轮',115,1,1522819518,1522819518,NULL),(987,'旅行保险',115,1,1522819518,1522819518,NULL),(988,'企业差旅',116,1,1522819518,1522819518,NULL),(989,'团队建设',116,1,1522819518,1522819518,NULL),(990,'奖励旅游',116,1,1522819518,1522819518,NULL),(991,'会议周边',116,1,1522819518,1522819518,NULL),(992,'会议展览',116,1,1522819518,1522819518,NULL),(993,'电影选座',117,1,1522819518,1522819518,NULL),(994,'演唱会',117,1,1522819518,1522819518,NULL),(995,'音乐会',117,1,1522819518,1522819518,NULL),(996,'话剧歌剧',117,1,1522819518,1522819518,NULL),(997,'体育赛事',117,1,1522819518,1522819518,NULL),(998,'舞蹈芭蕾',117,1,1522819518,1522819518,NULL),(999,'戏曲综艺',117,1,1522819518,1522819518,NULL),(1000,'水费',118,1,1522819518,1522819518,NULL),(1001,'电费',118,1,1522819518,1522819518,NULL),(1002,'煤气费',118,1,1522819518,1522819518,NULL),(1003,'城市通',118,1,1522819518,1522819518,NULL),(1004,'油卡充值',118,1,1522819518,1522819518,NULL),(1005,'加油卡',118,1,1522819518,1522819518,NULL),(1006,'家政保洁',119,1,1522819518,1522819518,NULL),(1007,'摄影写真',119,1,1522819518,1522819518,NULL),(1008,'丽人/养生',119,1,1522819518,1522819518,NULL),(1009,'代理代办',119,1,1522819518,1522819518,NULL),(1010,'京东小金库',121,1,1522819518,1522819518,NULL),(1011,'基金理财',121,1,1522819518,1522819518,NULL),(1012,'定期理财',121,1,1522819518,1522819518,NULL),(1013,'智能硬件',122,1,1522819518,1522819518,NULL),(1014,'流行文化',122,1,1522819518,1522819518,NULL),(1015,'生活美学',122,1,1522819518,1522819518,NULL),(1016,'公益',122,1,1522819518,1522819518,NULL),(1017,'其他权益众筹',122,1,1522819518,1522819518,NULL),(1018,'类固收',123,1,1522819518,1522819518,NULL),(1019,'私募股权',123,1,1522819518,1522819518,NULL),(1020,'阳光私募',123,1,1522819518,1522819518,NULL),(1021,'投资策略',123,1,1522819518,1522819518,NULL),(1022,'京东白条',124,1,1522819518,1522819518,NULL),(1023,'白条联名卡',124,1,1522819518,1522819518,NULL),(1024,'京东钢镚',124,1,1522819518,1522819518,NULL),(1025,'旅游白条',124,1,1522819518,1522819518,NULL),(1026,'安居白条',124,1,1522819518,1522819518,NULL),(1027,'校园金融',124,1,1522819518,1522819518,NULL),(1028,'京东金采',124,1,1522819518,1522819518,NULL),(1029,'京东支付',125,1,1522819518,1522819518,NULL),(1030,'车险',126,1,1522819518,1522819518,NULL),(1031,'健康险',126,1,1522819518,1522819518,NULL),(1032,'意外险',126,1,1522819518,1522819518,NULL),(1033,'旅行险',126,1,1522819518,1522819518,NULL),(1034,'实时资讯',127,1,1522819518,1522819518,NULL),(1035,'市场行情',127,1,1522819518,1522819518,NULL),(1036,'投资达人',127,1,1522819518,1522819518,NULL),(1037,'量化平台',127,1,1522819518,1522819518,NULL);

/*Table structure for table `tpshop_goods` */

DROP TABLE IF EXISTS `tpshop_goods`;

CREATE TABLE `tpshop_goods` (
  `id` int(11) unsigned NOT NULL AUTO_INCREMENT,
  `goods_name` varchar(255) NOT NULL DEFAULT '' COMMENT '商品名称',
  `goods_price` decimal(10,2) NOT NULL DEFAULT '0.00' COMMENT '商品价格',
  `goods_number` int(11) unsigned NOT NULL DEFAULT '100' COMMENT '商品数量',
  `goods_introduce` text COMMENT '详细介绍',
  `goods_logo` varchar(255) NOT NULL DEFAULT '' COMMENT '商品logo图',
  `create_time` int(11) unsigned DEFAULT NULL COMMENT '添加时间',
  `update_time` int(11) unsigned DEFAULT NULL COMMENT '修改时间',
  `delete_time` int(11) unsigned DEFAULT NULL COMMENT '软删除时间',
  `type_id` int(11) unsigned NOT NULL DEFAULT '0' COMMENT '商品类型id',
  `cate_id` int(11) unsigned NOT NULL DEFAULT '0' COMMENT '商品分类id',
  PRIMARY KEY (`id`)
) ENGINE=InnoDB AUTO_INCREMENT=149 DEFAULT CHARSET=utf8;

/*Data for the table `tpshop_goods` */

insert  into `tpshop_goods`(`id`,`goods_name`,`goods_price`,`goods_number`,`goods_introduce`,`goods_logo`,`create_time`,`update_time`,`delete_time`,`type_id`,`cate_id`) values (32,'Apple iPhone 7 Plus','5799.00',10000,'<p><img src=\"/ueditor/php/upload/image/20180404/1522821194971442.png\" alt=\"b1.png\" /><img src=\"/ueditor/php/upload/image/20180404/1522821200955649.png\" alt=\"b2.png\" /><img src=\"/ueditor/php/upload/image/20180404/1522821203285257.png\" alt=\"b3.png\" /></p>','\\uploads\\20180404\\52439c7352d25903bb58af73738529f0.png',1522821538,1522823812,NULL,2,187),(33,'Apple iPhone X','10000.00',10000,'<p><img src=\"/ueditor/php/upload/image/20180404/1522823892749269.png\" alt=\"1522823892749269.png\" /></p><p><img src=\"/ueditor/php/upload/image/20180404/1522823892946053.png\" alt=\"1522823892946053.png\" /></p><p><img src=\"/ueditor/php/upload/image/20180404/1522823892372354.png\" alt=\"1522823892372354.png\" /></p><p><img src=\"/ueditor/php/upload/image/20180404/1522823893109601.png\" alt=\"1522823893109601.png\" /></p><p><img src=\"/ueditor/php/upload/image/20180404/1522823893349848.png\" alt=\"1522823893349848.png\" /></p><p><br /></p>','\\uploads\\20180404\\8649191819f7b4bed7fc8f17ed712a66.png',1522823921,1522823921,NULL,2,187),(34,'Apple iphone 2','0.01',1000,'test','\\uploads\\20180404\\8649191819f7b4bed7fc8f17ed712a66.png',1522824822,1522824822,NULL,2,187),(35,'Apple iphone 4','0.01',1000,'test','\\uploads\\20180404\\8649191819f7b4bed7fc8f17ed712a66.png',1522824822,1522824822,NULL,2,187),(36,'Apple iphone 5','0.01',1000,'test','\\uploads\\20180404\\8649191819f7b4bed7fc8f17ed712a66.png',1522824822,1522824822,NULL,2,187),(37,'Apple iphone 6','0.01',1000,'test','\\uploads\\20180404\\8649191819f7b4bed7fc8f17ed712a66.png',1522824822,1522824822,NULL,2,187),(38,'Apple iphone 8','0.01',1000,'test','\\uploads\\20180404\\8649191819f7b4bed7fc8f17ed712a66.png',1522824822,1522824822,NULL,2,187),(39,'Apple iphone 6 Plus','0.01',1000,'test','\\uploads\\20180404\\8649191819f7b4bed7fc8f17ed712a66.png',1522824822,1522824822,NULL,2,187),(40,'Apple iphone 3','0.01',1000,'test','\\uploads\\20180404\\8649191819f7b4bed7fc8f17ed712a66.png',1522824823,1522824823,NULL,2,187),(135,'aaa','111.00',111,'','upload\\20210116\\b281012057a6100c3144eb31d83d3ac7.png',NULL,NULL,NULL,0,0),(136,'bbb','111.00',111,'woshibbbb','upload\\20210116\\1d2bf25b34f9d671497279321f92095d.png',NULL,NULL,NULL,0,0),(137,'ccc','0.00',111,'ccccccccccc','upload\\20210116\\b8bc3fceb7d766a52729225259b21149.png',NULL,NULL,NULL,0,0),(138,'aaa','0.00',111,'aaaa','upload\\20210116\\f855d8dc8c8e53d2b7782eb82e43cd17.png',NULL,NULL,NULL,0,0),(139,'','0.00',0,'','upload\\20210117\\53b11bd3cb154b8544dbc42d1024fde4.png',NULL,NULL,NULL,0,0),(140,'','0.00',0,'','upload\\20210117\\4e377921d800328458a31d4fcd345425.png',NULL,NULL,NULL,0,0),(141,'','0.00',0,'','upload\\logo\\20210117\\ef76e26cb70b5cde1965142306ec02d3.png',NULL,NULL,NULL,0,0),(142,'','0.00',0,'','upload\\logo\\20210117\\3be17a6ac990ea1148b859a3a6cf8932.png',NULL,NULL,NULL,0,0),(143,'','0.00',0,'','upload\\logo\\20210117\\04e88c13acc5eb1958327243f8575474.png',NULL,NULL,NULL,0,0),(144,'','0.00',0,'','upload\\logo\\20210117\\50bac91ea13327471de7708e244cf8f1.png',NULL,NULL,1610879477,0,0),(145,'cccia','222.00',222,'','upload\\logo\\20210117\\fdbf6d1559edb602f3a5139ea8611c26.png',1610878401,1610878715,NULL,0,0),(146,'jjj','123.00',1111,'jjjjjjjjjjjjjjjjjjjjjjjjjjjjjjjjjjjjjjjjjjjjjj','upload\\logo\\20210118\\dff793e62fe6d8994d4d3b70a0f3b1cf.png',1610941951,1610942011,NULL,0,0),(147,'rrr','111.00',111,'rrrrrrrrrrrrrrrrrrrrrrrrr','upload\\logo\\20210118\\e6d0b25feae46dbf9bb27645ec426071.png',1610942065,NULL,NULL,0,0),(148,'bbbb','1111.00',111,'bbbbbbbbbbbbbbbbbbbbbbbbb','upload\\logo\\20210120\\176c23f7a630fb6ae727b55b3d6cc093.png',1611144194,NULL,NULL,0,0);

/*Table structure for table `tpshop_goods_attr` */

DROP TABLE IF EXISTS `tpshop_goods_attr`;

CREATE TABLE `tpshop_goods_attr` (
  `id` int(11) unsigned NOT NULL AUTO_INCREMENT,
  `goods_id` int(11) NOT NULL COMMENT '商品id',
  `attr_id` int(11) NOT NULL COMMENT '属性id',
  `attr_value` varchar(255) NOT NULL DEFAULT '' COMMENT '属性值',
  `create_time` int(11) unsigned DEFAULT NULL,
  `update_time` int(11) unsigned DEFAULT NULL,
  `delete_time` int(11) unsigned DEFAULT NULL,
  PRIMARY KEY (`id`)
) ENGINE=InnoDB DEFAULT CHARSET=utf8;

/*Data for the table `tpshop_goods_attr` */

/*Table structure for table `tpshop_goodspics` */

DROP TABLE IF EXISTS `tpshop_goodspics`;

CREATE TABLE `tpshop_goodspics` (
  `id` int(11) unsigned NOT NULL AUTO_INCREMENT,
  `goods_id` int(11) NOT NULL COMMENT '商品id',
  `pics_big` varchar(255) NOT NULL DEFAULT '' COMMENT '相册大图地址 800*800',
  `pics_sma` varchar(255) NOT NULL DEFAULT '' COMMENT '相册小图地址 400*400',
  `create_time` int(11) unsigned DEFAULT NULL,
  `update_time` int(11) unsigned DEFAULT NULL,
  `delete_time` int(11) unsigned DEFAULT NULL,
  PRIMARY KEY (`id`)
) ENGINE=InnoDB AUTO_INCREMENT=11 DEFAULT CHARSET=utf8;

/*Data for the table `tpshop_goodspics` */

insert  into `tpshop_goodspics`(`id`,`goods_id`,`pics_big`,`pics_sma`,`create_time`,`update_time`,`delete_time`) values (1,139,'big/aaa1a310561.png,big/aaa2a752978.png','sma/aaa1a310561.png,sma/aaa2a752978.png',NULL,NULL,NULL),(2,140,'big/aaa1a258577.png,big/aaa2a770021.png','sma/aaa1a258577.png,sma/aaa2a770021.png',NULL,NULL,NULL),(3,141,'big/aaa1a124188.png,big/aaa2a336578.png','sma/aaa1a124188.png,sma/aaa2a336578.png',NULL,NULL,NULL),(4,142,'big/aaa1a550168.png,big/aaa2a826756.png','sma/aaa1a550168.png,sma/aaa2a826756.png',NULL,NULL,NULL),(5,143,'big/aaa1a277136.png,big/aaa2a202630.png','sma/aaa1a277136.png,sma/aaa2a202630.png',NULL,NULL,NULL),(6,144,'big/aaa1a652575.png,big/aaa2a493438.png','sma/aaa1a652575.png,sma/aaa2a493438.png',NULL,NULL,NULL),(7,145,'big/aaa1a223766.png,big/aaa2a939164.png','sma/aaa1a223766.png,sma/aaa2a939164.png',1610878401,1610878445,NULL),(8,146,'big/aaa1a272261.png','sma/aaa1a272261.png',1610941951,1610942011,NULL),(9,147,'big/aaa1a742687.png,big/aaa2a427935.png','sma/aaa1a742687.png,sma/aaa2a427935.png',1610942065,NULL,NULL),(10,148,'big/aaa1a423572.png,big/aaa2a989627.png','sma/aaa1a423572.png,sma/aaa2a989627.png',1611144194,NULL,NULL);

/*Table structure for table `tpshop_manager` */

DROP TABLE IF EXISTS `tpshop_manager`;

CREATE TABLE `tpshop_manager` (
  `id` int(11) unsigned NOT NULL AUTO_INCREMENT,
  `username` varchar(255) NOT NULL DEFAULT '' COMMENT '用户名',
  `password` varchar(255) NOT NULL DEFAULT '' COMMENT '密码',
  `email` varchar(255) NOT NULL DEFAULT '' COMMENT '邮箱',
  `nickname` varchar(255) NOT NULL DEFAULT '' COMMENT '昵称',
  `last_login_time` int(11) unsigned DEFAULT NULL COMMENT '上次登录时间',
  `status` tinyint(1) unsigned NOT NULL DEFAULT '1' COMMENT '状态：1可用 2禁用',
  `role_id` tinyint(3) NOT NULL DEFAULT '0' COMMENT '角色id',
  `create_time` int(11) unsigned DEFAULT NULL,
  `update_time` int(11) unsigned DEFAULT NULL,
  `delete_time` int(11) unsigned DEFAULT NULL,
  PRIMARY KEY (`id`)
) ENGINE=InnoDB AUTO_INCREMENT=16 DEFAULT CHARSET=utf8;

/*Data for the table `tpshop_manager` */

insert  into `tpshop_manager`(`id`,`username`,`password`,`email`,`nickname`,`last_login_time`,`status`,`role_id`,`create_time`,`update_time`,`delete_time`) values (1,'admin1','e10adc3949ba59abbe56e057f20f883e','admin@itcast.cn1','admin1',1610624730,1,1,1520408547,1522654098,NULL),(2,'admin2','e10adc3949ba59abbe56e057f20f883e','sunquan@itcast.cn','骑鱼的猫',0,1,2,1520408547,1610941667,NULL),(3,'liubei','8ea6eaee0c5819e756b604c998639b13','liubei@itcast.cn','地球是我搓圆的',0,1,2,1520408547,NULL,NULL),(4,'caocao','8ea6eaee0c5819e756b604c998639b13','caocao@itcast.cn','除了帅我一无所有',0,1,2,1520408547,NULL,NULL),(5,'dongzhuo','8ea6eaee0c5819e756b604c998639b13','dongzhuo@itcast.cn','朕好萌',0,2,3,1520408547,NULL,NULL),(6,'yuanshao','8ea6eaee0c5819e756b604c998639b13','yuanshao@itcast.cn','骑着蜗牛周游世界',0,2,3,1520408547,NULL,NULL),(7,'diaochan','8ea6eaee0c5819e756b604c998639b13','diaochan@itcast.cn','住我心，免房租',0,1,3,1520408547,NULL,NULL),(8,'aaa','202cb962ac59075b964b07152d234b70','aaa@qq.com','aaa',1611144076,1,1,NULL,NULL,NULL),(10,'ccc','9df62e693988eb4e1e1444ece0578579','ccc@qq.com','ccc',1610622468,1,0,NULL,NULL,NULL),(11,'admin','e09c80c42fda55f9d992e59ca6b3307d','aaaaaaaa@qq.com','admin1',NULL,1,0,NULL,NULL,NULL),(12,'ggg','9cafeef08db2dd477098a0293e71f90a','ggg@qq.com','ggg',NULL,1,0,1610895882,NULL,NULL),(13,'admin3','32cacb2f994f6b42183a1300d9a3e8d6','admin3@qq.com','admin3',NULL,1,0,1610941741,NULL,NULL),(15,'fff','343d9040a671c45832ee5381860e2996','fff@itcast.cn','ffff',1622200283,1,0,1610622468,1610622468,NULL);

/*Table structure for table `tpshop_order` */

DROP TABLE IF EXISTS `tpshop_order`;

CREATE TABLE `tpshop_order` (
  `id` int(11) unsigned NOT NULL AUTO_INCREMENT,
  `order_sn` varchar(255) NOT NULL DEFAULT '' COMMENT '订单编号',
  `order_amount` decimal(10,2) NOT NULL DEFAULT '0.00' COMMENT '订单金额',
  `user_id` int(11) NOT NULL DEFAULT '0' COMMENT '下单用户id',
  `consignee_name` varchar(255) NOT NULL DEFAULT '' COMMENT '收货人姓名',
  `consignee_phone` varchar(255) NOT NULL DEFAULT '' COMMENT '收货人手机号',
  `consignee_address` varchar(255) NOT NULL DEFAULT '' COMMENT '收货人地址',
  `shipping_type` varchar(64) NOT NULL DEFAULT '' COMMENT '配送方式 yuantong圆通 shentong申通 yunda韵达 zhongtong中通 shunfeng顺丰',
  `pay_status` tinyint(3) NOT NULL DEFAULT '0' COMMENT '支付状态 0未付款 1已付款',
  `pay_type` varchar(64) NOT NULL DEFAULT '' COMMENT '支付方式 card银联 wechat微信 alipay支付宝',
  `create_time` int(11) unsigned DEFAULT NULL,
  `update_time` int(11) unsigned DEFAULT NULL,
  `delete_time` int(11) unsigned DEFAULT NULL,
  PRIMARY KEY (`id`)
) ENGINE=InnoDB DEFAULT CHARSET=utf8;

/*Data for the table `tpshop_order` */

/*Table structure for table `tpshop_order_goods` */

DROP TABLE IF EXISTS `tpshop_order_goods`;

CREATE TABLE `tpshop_order_goods` (
  `id` int(11) unsigned NOT NULL AUTO_INCREMENT,
  `order_id` int(11) NOT NULL DEFAULT '0' COMMENT '订单id',
  `goods_id` int(11) NOT NULL DEFAULT '0' COMMENT '商品id',
  `goods_name` varchar(255) NOT NULL DEFAULT '' COMMENT '商品名称',
  `goods_price` decimal(10,2) NOT NULL DEFAULT '0.00' COMMENT '商品单价',
  `goods_logo` varchar(255) NOT NULL DEFAULT '' COMMENT '商品logo图',
  `number` int(11) NOT NULL DEFAULT '0' COMMENT '购买数量',
  `goods_attr_ids` varchar(255) NOT NULL DEFAULT '' COMMENT '商品属性ids',
  `create_time` int(11) unsigned DEFAULT NULL,
  `update_time` int(11) unsigned DEFAULT NULL,
  `delete_time` int(11) unsigned DEFAULT NULL,
  PRIMARY KEY (`id`)
) ENGINE=InnoDB DEFAULT CHARSET=utf8;

/*Data for the table `tpshop_order_goods` */

/*Table structure for table `tpshop_role` */

DROP TABLE IF EXISTS `tpshop_role`;

CREATE TABLE `tpshop_role` (
  `id` smallint(6) unsigned NOT NULL AUTO_INCREMENT,
  `role_name` varchar(20) NOT NULL DEFAULT '' COMMENT '角色/用户组名称',
  `role_auth_ids` varchar(128) NOT NULL DEFAULT '' COMMENT '权限ids,1,2,5，权限表中的主键集合',
  `create_time` int(11) unsigned DEFAULT NULL,
  `update_time` int(11) unsigned DEFAULT NULL,
  `delete_time` int(11) unsigned DEFAULT NULL,
  PRIMARY KEY (`id`)
) ENGINE=InnoDB AUTO_INCREMENT=8 DEFAULT CHARSET=utf8;

/*Data for the table `tpshop_role` */

insert  into `tpshop_role`(`id`,`role_name`,`role_auth_ids`,`create_time`,`update_time`,`delete_time`) values (2,'主管1','1,2,3,4,5,8,12',1520408547,1521337606,NULL),(3,'经理','2,8,9,10,3,11,12',1520408547,1521259768,NULL),(4,'经理','2,3,7,8,9,10,11,12',NULL,NULL,1610895298),(5,'aaa','1,2,3,5,6,7,8,10,14',1610895409,1610895421,NULL),(6,'bbb','1,2,3,4',1610896068,NULL,NULL),(7,'ccd','1,2,3,4,5,6',1610941799,1610941812,NULL);

/*Table structure for table `tpshop_type` */

DROP TABLE IF EXISTS `tpshop_type`;

CREATE TABLE `tpshop_type` (
  `id` int(11) unsigned NOT NULL AUTO_INCREMENT,
  `type_name` varchar(255) NOT NULL DEFAULT '' COMMENT '类型名称',
  `create_time` int(11) unsigned DEFAULT NULL,
  `update_time` int(11) unsigned DEFAULT NULL,
  `delete_time` int(11) unsigned DEFAULT NULL,
  PRIMARY KEY (`id`)
) ENGINE=InnoDB DEFAULT CHARSET=utf8;

/*Data for the table `tpshop_type` */

/*Table structure for table `tpshop_user` */

DROP TABLE IF EXISTS `tpshop_user`;

CREATE TABLE `tpshop_user` (
  `id` int(11) unsigned NOT NULL AUTO_INCREMENT,
  `username` varchar(255) NOT NULL DEFAULT '' COMMENT '用户名',
  `phone` varchar(255) NOT NULL DEFAULT '' COMMENT '手机号码',
  `password` varchar(255) NOT NULL DEFAULT '' COMMENT '密码',
  `email` varchar(255) NOT NULL DEFAULT '' COMMENT '邮箱',
  `last_login_time` int(11) unsigned NOT NULL DEFAULT '0' COMMENT '上次登录时间',
  `is_check` tinyint(2) NOT NULL DEFAULT '0' COMMENT '激活状态 0未激活 1已激活',
  `email_code` varchar(255) NOT NULL DEFAULT '' COMMENT '邮箱激活验证码',
  `openid` varchar(255) NOT NULL DEFAULT '' COMMENT '第三方帐号openid',
  `create_time` int(11) unsigned DEFAULT NULL,
  `update_time` int(11) unsigned DEFAULT NULL,
  `delete_time` int(11) unsigned DEFAULT NULL,
  PRIMARY KEY (`id`)
) ENGINE=InnoDB DEFAULT CHARSET=utf8;

/*Data for the table `tpshop_user` */

/*!40101 SET SQL_MODE=@OLD_SQL_MODE */;
/*!40014 SET FOREIGN_KEY_CHECKS=@OLD_FOREIGN_KEY_CHECKS */;
/*!40014 SET UNIQUE_CHECKS=@OLD_UNIQUE_CHECKS */;
/*!40111 SET SQL_NOTES=@OLD_SQL_NOTES */;
